x,y,z,geometric_likelihood
0.011180,0.000000,0.499875,0.000000
0.002185,0.024896,0.499375,0.000000
0.017990,-0.023465,0.499125,0.000000
0.031266,0.019889,0.498625,0.000000
0.043255,-0.015796,0.497875,0.000000
0.021687,0.046344,0.497375,0.000000
0.016024,-0.051088,0.497125,0.000000
0.056644,0.012453,0.496625,0.000000
0.049009,-0.041305,0.495875,0.000000
0.048094,0.047860,0.495375,0.000000
0.072464,-0.009750,0.494625,0.000000
0.016773,0.074560,0.494125,0.208221
0.038791,-0.067696,0.493875,0.000000
0.073644,0.034025,0.493375,0.000000
0.075737,-0.039805,0.492625,0.000000
0.047805,0.074348,0.492125,0.205564
0.015205,-0.088475,0.491875,0.000000
0.092154,0.007635,0.491375,0.000000
0.000464,0.095087,0.490875,0.240495
0.064749,-0.071377,0.490625,0.000000
0.078765,0.059780,0.490125,0.000000
0.098882,-0.027100,0.489375,0.000000
0.036460,0.098346,0.488875,0.243982
0.039984,-0.098219,0.488625,0.000000
0.103515,0.031915,0.488125,0.000000
0.091022,-0.064658,0.487375,0.000000
0.073768,0.086666,0.486875,0.216934
0.004186,-0.114798,0.486625,0.000000
0.116820,-0.005973,0.486125,0.000000
0.016448,0.117889,0.485625,0.274276
0.068081,-0.098874,0.485375,0.000000
0.106191,0.060164,0.484875,0.000000
0.115065,-0.048816,0.484125,0.000000
0.059591,0.112053,0.483625,0.257306
0.031987,-0.123796,0.483375,0.000000
0.127968,0.021350,0.482875,0.000000
0.096821,-0.090449,0.482125,0.000000
0.099911,0.089750,0.481625,0.211732
0.134631,-0.025171,0.480875,0.000000
0.037314,0.133595,0.480375,0.289305
0.063118,-0.124484,0.480125,0.000000
0.131111,0.052629,0.479625,0.000000
0.123709,-0.073313,0.478875,0.000000
0.084813,0.118170,0.478375,0.254290
0.017382,-0.145239,0.478125,0.000000
0.147826,0.004669,0.477625,0.000000
0.008363,0.149271,0.477125,0.304977
0.095168,-0.116332,0.476875,0.000000
0.125510,0.085522,0.476375,0.198260
0.146451,-0.048301,0.475625,0.000000
0.061526,0.143076,0.475125,0.289403
0.051530,-0.147778,0.474875,0.000000
0.153180,0.038784,0.474375,0.000000
0.125732,-0.099352,0.473625,0.000000
0.110972,0.117634,0.473125,0.241621
0.163041,-0.016717,0.472375,0.000000
0.031177,0.162364,0.471875,0.308227
0.087059,-0.141388,0.471625,0.000000
0.149721,0.074998,0.471125,0.000000
0.152500,-0.074103,0.470375,0.000000
0.087861,0.146622,0.469875,0.279745
0.034393,-0.168135,0.469625,0.000000
0.171852,0.019717,0.469125,0.000000
0.121613,-0.125838,0.468375,0.000000
0.137024,0.110984,0.467875,0.224645
0.173370,-0.041677,0.467125,0.000000
0.057089,0.170300,0.466625,0.302257
0.073203,-0.164729,0.466375,0.000000
0.171717,0.058939,0.465875,0.000000
0.152847,-0.101471,0.465125,0.000000
0.115233,0.144378,0.464625,0.264846
0.012599,-0.184925,0.464375,0.000000
0.186566,-0.003641,0.463875,0.000000
0.020070,0.186764,0.463375,0.308354
0.111723,-0.151767,0.463125,0.000000
0.161999,0.098664,0.462625,0.207185
0.178562,-0.069188,0.461875,0.000000
0.085065,0.172908,0.461375,0.291151
0.054241,-0.185531,0.461125,0.000000
0.190728,0.038046,0.460625,0.000000
0.147568,-0.129378,0.459875,0.000000
0.142628,0.136499,0.459375,0.247556
0.196822,-0.030403,0.458625,0.000000
0.047768,0.194524,0.458125,0.300262
0.096451,-0.176203,0.457875,0.000000
0.185001,0.081133,0.457375,0.191375
0.178429,-0.098268,0.456625,0.000000
0.114113,0.170083,0.456125,0.278229
0.030829,-0.203046,0.455875,0.000000
0.206068,0.013030,0.455375,0.000000
0.005063,0.207517,0.454875,0.299292
0.136802,-0.156848,0.454625,0.000000
0.169088,0.123207,0.454125,0.229954
0.202210,-0.059683,0.453375,0.000000
0.077525,0.197216,0.452875,0.289777
0.076244,-0.198286,0.452625,0.000000
0.205213,0.058910,0.452125,0.000000
0.172882,-0.127955,0.451375,0.000000
0.143273,0.161817,0.450875,0.264177
0.003669,-0.216619,0.450625,0.000000
0.217144,-0.015356,0.450125,0.000000
0.034443,0.215988,0.449625,0.290725
0.120783,-0.182958,0.449375,0.000000
0.193715,0.104812,0.448875,0.213616
0.202432,-0.090583,0.448125,0.000000
0.108424,0.194618,0.447625,0.280811
0.051630,-0.217232,0.447375,0.000000
0.221903,0.032586,0.446875,0.000000
0.161942,-0.157313,0.446125,0.000000
0.171614,0.148213,0.445625,0.248635
0.223476,-0.046313,0.444875,0.000000
0.065952,0.219502,0.444375,0.280370
0.099851,-0.206840,0.444125,0.000000
0.215679,0.081727,0.443625,0.198372
0.197308,-0.122194,0.442875,0.000000
0.139546,0.186632,0.442375,0.273087
0.023218,-0.232350,0.442125,0.000000
0.234434,0.002827,0.441625,0.000000
0.017750,0.234720,0.441125,0.280249
0.145752,-0.185433,0.440875,0.000000
0.198246,0.129492,0.440375,0.232499
0.224697,-0.079001,0.439625,0.000000
0.098723,0.217768,0.439125,0.274163
0.074448,-0.227698,0.438875,0.000000
0.234225,0.054463,0.438375,0.000000
0.186785,-0.153609,0.437625,0.000000
0.169982,0.173285,0.437125,0.262844
0.242279,-0.029628,0.436375,0.000000
0.050881,0.239633,0.435875,0.269197
0.124577,-0.211451,0.435625,0.000000
0.222332,0.105995,0.435125,0.216671
0.220569,-0.112551,0.434375,0.000000
0.131868,0.210626,0.433875,0.273392
0.045120,-0.244813,0.433625,0.000000
0.248686,0.023626,0.433125,0.000000
0.170942,-0.183931,0.432375,0.000000
0.198850,0.154734,0.431875,0.248329
0.245025,-0.063985,0.431125,0.000000
0.085447,0.239293,0.430625,0.262619
0.098798,-0.234555,0.430375,0.000000
0.243098,0.078172,0.429875,0.200262
0.210982,-0.146076,0.429125,0.000000
0.164495,0.198045,0.428625,0.271831
0.012504,-0.257563,0.428375,0.000000
0.258498,-0.010093,0.427875,0.000000
0.032758,0.257444,0.427375,0.261116
0.149983,-0.212295,0.427125,0.000000
0.225303,0.131262,0.426625,0.231742
0.242384,-0.099400,0.425875,0.000000
0.120582,0.233487,0.425375,0.265689
0.068910,-0.254008,0.425125,0.000000
0.259853,0.046582,0.424625,0.000000
0.195961,-0.178688,0.423875,0.000000
0.195722,0.180129,0.423375,0.262422
0.263208,-0.045933,0.422625,0.000000
0.068971,0.258947,0.422125,0.251986
0.124241,-0.237877,0.421875,0.000000
0.248553,0.103270,0.421375,0.215079
0.234198,-0.135003,0.420625,0.000000
0.155406,0.222135,0.420125,0.273415
0.035509,-0.269154,0.419875,0.000000
0.271999,0.011876,0.419375,0.000000
0.011983,0.272764,0.418875,0.257535
0.175659,-0.209516,0.418625,0.000000
0.224697,0.157108,0.418125,0.245438
0.262482,-0.083073,0.417375,0.000000
0.105993,0.254913,0.416875,0.253809
0.094163,-0.259917,0.416625,0.000000
0.267881,0.071273,0.416125,0.197502
0.220440,-0.169911,0.415375,0.000000
0.189037,0.205290,0.414875,0.273914
0.279043,-0.025214,0.414125,0.000000
0.049643,0.276496,0.413625,0.246443
0.150362,-0.237723,0.413375,0.000000
0.250610,0.129339,0.412875,0.227286
0.256115,-0.120656,0.412125,0.000000
0.142951,0.245214,0.411625,0.266605
0.060309,-0.277729,0.411375,0.000000
0.282655,0.035888,0.410875,0.000000
0.201218,-0.203246,0.410125,0.000000
0.220610,0.183136,0.409625,0.260374
0.280606,-0.063887,0.408875,0.000000
0.088391,0.274621,0.408375,0.243680
0.120474,-0.262526,0.408125,0.000000
0.272718,0.097298,0.407625,0.210831
0.244032,-0.157800,0.406875,0.000000
0.178960,0.229853,0.406375,0.278741
0.023332,-0.290720,0.406125,0.000000
0.292342,-0.002179,0.405625,0.000000
0.027794,0.291721,0.405125,0.246222
0.176768,-0.234157,0.404875,0.000000
0.249298,0.155985,0.404375,0.239382
0.276436,-0.103296,0.403625,0.000000
0.127362,0.266963,0.403125,0.254850
0.086518,-0.283207,0.402875,0.000000
0.290351,0.061568,0.402375,0.193982
0.226292,-0.193622,0.401625,0.000000
0.213145,0.208969,0.401125,0.275595
0.296519,-0.042149,0.400375,0.000000
0.068062,0.292348,0.399875,0.239316
0.147455,-0.261834,0.399625,0.000000
0.274327,0.124273,0.399125,0.222014
0.266409,-0.142561,0.398375,0.000000
0.165666,0.253476,0.397875,0.273965
0.049117,-0.299135,0.397625,0.000000
0.302937,0.022826,0.397125,0.000000
0.003754,0.304425,0.396625,0.248181
0.203085,-0.227252,0.396375,0.000000
0.244657,0.182828,0.395875,0.255245
0.294884,-0.083183,0.395125,0.000000
0.108874,0.287085,0.394625,0.244586
0.113762,-0.285529,0.394375,0.000000
0.294995,0.088548,0.393875,0.208079
0.250534,-0.180792,0.393125,0.000000
0.202418,0.234249,0.392625,0.285076
0.008985,-0.309776,0.392375,0.000000
0.310006,-0.018168,0.391875,0.000000
0.045293,0.307854,0.391375,0.240084
0.174731,-0.257857,0.391125,0.000000
0.272693,0.151824,0.390625,0.233176
0.287264,-0.124406,0.389875,0.000000
0.149340,0.275834,0.389375,0.262572
0.076280,-0.304570,0.389125,0.000000
0.310684,0.049458,0.388625,0.193706
0.228953,-0.217103,0.387875,0.000000
0.236748,0.209502,0.387375,0.274502
0.311207,-0.060589,0.386625,0.000000
0.087733,0.305304,0.386125,0.239998
0.141674,-0.284656,0.385875,0.000000
0.296516,0.116466,0.385375,0.220518
0.273615,-0.164920,0.384625,0.000000
0.188563,0.258635,0.384125,0.283516
0.035698,-0.318380,0.383875,0.000000
0.320880,0.007741,0.383375,0.185801
0.020380,0.320923,0.382875,0.241765
0.201940,-0.250636,0.382625,0.000000
0.267824,0.179585,0.382125,0.249304
0.306313,-0.103563,0.381375,0.185811
0.130183,0.296625,0.380875,0.251781
0.104469,-0.306938,0.380625,0.000000
0.315465,0.077375,0.380125,0.209680
0.254029,-0.203823,0.379375,0.000000
0.225654,0.235657,0.378875,0.289647
0.325178,-0.035791,0.378125,0.188048
0.064196,0.321369,0.377625,0.239830
0.169895,-0.280578,0.377375,0.000000
0.294872,0.144968,0.376875,0.231896
0.295227,-0.146188,0.376125,0.000000
0.171735,0.281803,0.375625,0.273009
0.063778,-0.324077,0.375375,0.000000
0.328976,0.035262,0.374875,0.198541
0.228730,-0.240235,0.374125,0.000000
0.259752,0.207203,0.373625,0.271674
0.323296,-0.080272,0.372875,0.190303
0.108411,0.315569,0.372375,0.246453
0.133337,-0.306177,0.372125,0.000000
0.317189,0.106235,0.371625,0.225218
0.277988,-0.187549,0.370875,0.000000
0.211482,0.260956,0.370375,0.292660
0.020349,-0.335549,0.370125,0.000000
0.336593,-0.009079,0.369625,0.196160
0.038534,0.335055,0.369125,0.238965
0.198073,-0.273310,0.368875,0.000000
0.290048,0.173701,0.368375,0.247445
0.315084,-0.124796,0.367625,0.188235
0.152107,0.303451,0.367125,0.261695
0.092893,-0.326762,0.366875,0.000000
0.334162,0.064071,0.366375,0.215647
0.254766,-0.226743,0.365625,0.000000
0.248538,0.234335,0.365125,0.292542
0.337978,-0.054790,0.364375,0.198065
0.084258,0.332409,0.363875,0.245036
0.162535,-0.302257,0.363625,0.000000
0.315795,0.135696,0.363125,0.238669
0.300521,-0.168439,0.362375,0.185278
0.194363,0.285078,0.361875,0.283943
0.049287,-0.341757,0.361625,0.000000
0.345280,0.019249,0.361125,0.208281
0.011027,0.346162,0.360625,0.232868
0.225867,-0.262895,0.360375,0.000000
0.282057,0.202321,0.359875,0.270884
0.332919,-0.100966,0.359125,0.195004
0.129877,0.323296,0.358625,0.255863
0.122707,-0.326359,0.358375,0.000000
0.336332,0.093842,0.357875,0.234512
0.279724,-0.210277,0.357125,0.000000
0.234267,0.260648,0.356625,0.301276
0.003326,-0.350693,0.356375,0.000000
0.350147,-0.027386,0.355875,0.209049
0.057976,0.346911,0.355375,0.241458
0.191723,-0.295175,0.355125,0.000000
0.311252,0.165419,0.354625,0.253819
0.321339,-0.146675,0.353875,0.195116
0.174453,0.307721,0.353375,0.272248
0.079282,-0.344988,0.353125,0.000000
0.351092,0.048887,0.352625,0.224520
0.252945,-0.249405,0.351875,0.000000
0.270941,0.230492,0.351375,0.296146
0.348493,-0.074934,0.350625,0.205882
0.105259,0.341076,0.350125,0.254286
0.152884,-0.322822,0.349875,0.000000
0.335410,0.124245,0.349375,0.251924
0.303297,-0.190976,0.348625,0.193270
0.217054,0.285826,0.348125,0.295564
0.033046,-0.357618,0.347875,0.000000
0.359622,0.001657,0.347375,0.221487
0.029830,0.358870,0.346875,0.230427
0.220565,-0.284960,0.346625,0.000000
0.303556,0.195067,0.346125,0.276390
0.340176,-0.122459,0.345375,0.201437
0.151930,0.328601,0.344875,0.266031
0.110010,-0.345154,0.344625,0.000000
0.353914,0.079518,0.344125,0.244647
0.278985,-0.232940,0.343375,0.000000
0.256771,0.257886,0.342875,0.310969
0.361588,-0.046956,0.342125,0.220787
0.078489,0.356555,0.341625,0.249769
0.183091,-0.316134,0.341375,0.000000
0.331353,0.154950,0.340875,0.268643
0.325195,-0.169006,0.340125,0.208296
0.197038,0.309565,0.339625,0.283710
0.063859,-0.361589,0.339375,0.000000
0.366247,0.032042,0.338875,0.235344
0.000100,0.368106,0.338375,0.212510
0.248734,-0.271667,0.338125,0.000000
0.292737,0.224309,0.337625,0.303794
0.356786,-0.096016,0.336875,0.211664
0.126996,0.347453,0.336375,0.265491
0.141145,-0.342196,0.336125,0.000000
0.353658,0.110823,0.335625,0.266272
0.303683,-0.213624,0.334875,0.199518
0.239646,0.284188,0.334375,0.309558
0.015268,-0.371655,0.334125,0.000000
0.372015,-0.017304,0.333625,0.235618
0.049821,0.369521,0.333125,0.235546
0.212999,-0.306310,0.332875,0.000000
0.324145,0.185625,0.332375,0.290265
0.345149,-0.144557,0.331625,0.213404
0.174385,0.331581,0.331125,0.276457
0.095450,-0.362507,0.330875,0.000000
0.369898,0.063467,0.330375,0.253195
0.275911,-0.255383,0.329625,0.000000
0.278851,0.252822,0.329125,0.324042
0.370947,-0.067587,0.328375,0.228464
0.099874,0.364037,0.327875,0.262504
0.172359,-0.336087,0.327625,0.000000
0.350270,0.142479,0.327125,0.287315
0.326748,-0.191612,0.326375,0.223654
0.219694,0.309096,0.325875,0.298105
0.046822,-0.376532,0.325625,0.000000
0.379612,0.013740,0.325125,0.247828
0.019522,0.379786,0.324625,0.211613
0.242283,-0.293394,0.324375,0.186977
0.313803,0.215946,0.323875,0.318073
0.362910,-0.117841,0.323125,0.218709
0.149283,0.351607,0.322625,0.276829
0.127501,-0.360302,0.322375,0.000000
0.370477,0.095619,0.321875,0.276352
0.301792,-0.236221,0.321125,0.197672
0.261987,0.280290,0.320625,0.327902
0.382464,-0.037434,0.319875,0.247004
0.070805,0.378135,0.319375,0.248016
0.203327,-0.326829,0.319125,0.000000
0.343723,0.174162,0.318625,0.310496
0.347908,-0.167080,0.317875,0.230809
0.197066,0.332322,0.317375,0.288630
0.079212,-0.378361,0.317125,0.000000
0.384244,0.045879,0.316625,0.260787
0.270627,-0.277460,0.315875,0.198601
0.300373,0.245591,0.315375,0.342589
0.378252,-0.089088,0.314625,0.232260
0.121943,0.369399,0.314125,0.276907
0.159691,-0.354938,0.313875,0.000000
0.367921,0.128181,0.313375,0.302721
0.326085,-0.214322,0.312625,0.233272
0.242258,0.306413,0.312125,0.317866
0.028360,-0.389782,0.311875,0.000000
0.391167,-0.005831,0.311375,0.260661
0.040048,0.389555,0.310875,0.220438
0.233729,-0.314457,0.310625,0.190665
0.334024,0.205550,0.310125,0.339036
0.366910,-0.140228,0.309375,0.230482
0.171941,0.353599,0.308875,0.287937
0.112125,-0.377066,0.308625,0.000000
0.385808,0.078809,0.308125,0.280650
0.297726,-0.258611,0.307375,0.206483
0.283930,0.274247,0.306875,0.352224
0.390972,-0.058551,0.306125,0.252499
0.092598,0.384732,0.305625,0.264996
0.191697,-0.346408,0.305375,0.000000
0.362192,0.160835,0.304875,0.331136
0.348516,-0.189854,0.304125,0.248023
0.219808,0.330902,0.303625,0.305282
0.061472,-0.392664,0.303375,0.000000
0.396915,0.026933,0.302875,0.269589
0.007878,0.398130,0.302375,0.188523
0.263249,-0.299032,0.302125,0.207890
0.321207,0.236322,0.301625,0.367294
0.383524,-0.111280,0.300875,0.235884
0.144520,0.372678,0.300375,0.290419
0.145244,-0.372598,0.300125,0.000000
0.384229,0.112218,0.299625,0.309528
0.323288,-0.236978,0.298875,0.231219
0.264580,0.301612,0.298375,0.344889
0.008647,-0.401306,0.298125,0.000000
0.400896,-0.026495,0.297625,0.270478
0.061498,0.397410,0.297125,0.236795
0.223202,-0.334733,0.296875,0.188197
0.353288,0.193260,0.296375,0.363239
0.368829,-0.163006,0.295625,0.246479
0.194803,0.353487,0.295125,0.300434
0.095178,-0.392415,0.294875,0.000000
0.399594,0.060561,0.294375,0.282317
0.291583,-0.280649,0.293625,0.221627
0.305339,0.266169,0.293125,0.383224
0.397543,-0.080478,0.292375,0.252397
0.115027,0.389330,0.291875,0.282622
0.178250,-0.364941,0.291625,0.000000
0.379462,0.145791,0.291125,0.344940
0.347036,-0.212716,0.290375,0.257381
0.242454,0.327397,0.289875,0.329219
0.042394,-0.405364,0.289625,0.000000
0.407873,0.006798,0.289125,0.280029
0.028911,0.407259,0.288625,0.200230
0.253891,-0.319968,0.288375,0.210534
0.341233,0.225139,0.287875,0.396289
0.386789,-0.133992,0.287125,0.243322
0.167437,0.373913,0.286625,0.302244
0.129166,-0.388980,0.286375,0.000000
0.399122,0.094746,0.285875,0.307720
0.318436,-0.259426,0.285125,0.231326
0.286514,0.294785,0.284625,0.380203
0.408783,-0.048080,0.283875,0.273828
0.083704,0.403351,0.283375,0.256623
0.210827,-0.354107,0.283125,0.000000
0.371492,0.179211,0.282625,0.384555
0.368710,-0.186009,0.281875,0.261514
0.217711,0.351326,0.281375,0.317418
0.076816,-0.406286,0.281125,0.000000
0.411784,0.041036,0.280625,0.286337
0.283458,-0.302194,0.279875,0.230508
0.326084,0.256162,0.279375,0.419690
0.402181,-0.103047,0.278625,0.251004
0.137925,0.391948,0.278125,0.297897
0.163121,-0.382331,0.277875,0.000000
0.395445,0.129175,0.277375,0.347361
0.343529,-0.235513,0.276625,0.254485
0.264855,0.321880,0.276125,0.362603
0.022140,-0.416417,0.275875,0.000000
0.417088,-0.014362,0.275375,0.289154
0.050811,0.414562,0.274875,0.218249
0.242662,-0.340142,0.274625,0.207596
0.360337,0.212162,0.274125,0.425199
0.388070,-0.157060,0.273375,0.254743
0.190534,0.373143,0.272875,0.314056
0.111604,-0.404005,0.272625,0.000000
0.412535,0.075915,0.272125,0.302911
0.311609,-0.281524,0.271375,0.246252
0.307925,0.286023,0.270875,0.423362
0.414817,-0.070423,0.270125,0.270770
0.106500,0.407382,0.269625,0.275933
0.196728,-0.372472,0.269375,0.000000
0.388539,0.163534,0.268875,0.396619
0.366598,-0.209081,0.268125,0.269433
0.240511,0.347176,0.267625,0.342474
0.057190,-0.418617,0.267375,0.000000
0.422329,0.020389,0.266875,0.295110
0.016624,0.422810,0.266375,0.000000
0.273447,-0.323116,0.266125,0.233582
0.346042,0.244333,0.265625,0.458065
0.404896,-0.126097,0.264875,0.254759
0.161131,0.392610,0.264375,0.310123
0.146445,-0.398487,0.264125,0.000000
0.410064,0.111127,0.263625,0.339764
0.338059,-0.258095,0.262875,0.258203
0.286870,0.314428,0.262375,0.406450
0.000865,-0.425781,0.262125,0.000000
0.424533,-0.036389,0.261625,0.292815
0.073417,0.420028,0.261125,0.238644
0.229672,-0.359437,0.260875,0.201869
0.378411,0.197509,0.260375,0.448562
0.387397,-0.180328,0.259625,0.266215
0.213657,0.370412,0.259125,0.329633
0.092698,-0.417601,0.258875,0.000000
0.424406,0.055874,0.258375,0.302818
0.302886,-0.303133,0.257625,0.255651
0.328682,0.275417,0.257125,0.471584
0.418993,-0.093366,0.256375,0.265585
0.129729,0.409510,0.255875,0.292298
0.181025,-0.389725,0.255625,0.000000
0.404339,0.146361,0.255125,0.395975
0.362541,-0.232072,0.254375,0.270667
0.263059,0.341098,0.253875,0.378735
0.036450,-0.429355,0.253625,0.000000
0.431192,-0.001228,0.253125,0.306011
0.038947,0.429725,0.252625,0.200130
0.261646,-0.343290,0.252375,0.231552
0.365097,0.230788,0.251875,0.493660
0.405702,-0.149472,0.251125,0.279244
0.184492,0.391343,0.250625,0.321456
0.128353,-0.413325,0.250375,0.000000
0.423247,0.091787,0.249875,0.329720
0.330691,-0.280321,0.249125,0.272624
0.308363,0.305120,0.248625,0.459725
0.430188,-0.059129,0.247875,0.289792
0.096575,0.423649,0.247375,0.258376
0.215030,-0.377745,0.247125,0.196861
0.395356,0.181300,0.246625,0.461560
0.384805,-0.203643,0.245875,0.286698
0.236658,0.365765,0.245375,0.353754
0.072590,-0.429703,0.245125,0.000000
0.434684,0.034767,0.244625,0.311752
0.003371,0.436339,0.244125,0.000000
0.292351,-0.324124,0.243875,0.259713
0.348664,0.263063,0.243375,0.520208
0.421309,-0.116754,0.242625,0.289866
0.153237,0.409748,0.242125,0.305772
0.163840,-0.405774,0.241875,0.000000
0.418808,0.127819,0.241375,0.384930
0.356592,-0.254837,0.240625,0.288065
0.285215,0.333156,0.240125,0.427850
0.014740,-0.438455,0.239875,0.000000
0.438337,-0.023664,0.239375,0.313372
0.061934,0.434860,0.238875,0.219866
0.248152,-0.362600,0.238625,0.227065
0.383143,0.215635,0.238125,0.522418
0.404619,-0.173021,0.237375,0.304583
0.207860,0.388181,0.236875,0.336452
0.108976,-0.426770,0.236625,0.000000
0.434928,0.071292,0.236125,0.327199
0.321497,-0.302057,0.235375,0.282367
0.329206,0.294036,0.234875,0.518707
0.434040,-0.082430,0.234125,0.289917
0.120133,0.425426,0.233625,0.276131
0.198849,-0.394962,0.233375,0.194748
0.411079,0.163655,0.232875,0.461658
0.380332,-0.226861,0.232125,0.306291
0.259396,0.359254,0.231625,0.390810
0.051417,-0.440252,0.231375,0.000000
0.443322,0.012738,0.230875,0.326960
0.026083,0.442998,0.230375,0.191119
0.280089,-0.344372,0.230125,0.259317
0.367755,0.249055,0.229625,0.564955
0.421774,-0.140438,0.228875,0.317953
0.176877,0.408117,0.228375,0.319107
0.145298,-0.420532,0.228125,0.000000
0.431873,0.108038,0.227625,0.372080
0.348807,-0.277239,0.226875,0.301234
0.306847,0.323418,0.226375,0.488776
0.443740,-0.046773,0.225625,0.313340
0.085437,0.438200,0.225125,0.239993
0.233067,-0.380934,0.224875,0.223005
0.400077,0.198983,0.224375,0.541316
0.401673,-0.196598,0.223625,0.327272
0.231090,0.383161,0.223125,0.360792
0.088448,-0.438753,0.222875,0.000000
0.445052,0.049778,0.222375,0.337926
0.310549,-0.323175,0.221625,0.287718
0.349280,0.281261,0.221125,0.578349
0.436082,-0.106146,0.220375,0.321043
0.143943,0.425365,0.219875,0.292798
0.181240,-0.410995,0.219625,0.195090
0.425497,0.144693,0.219125,0.451297
0.374021,-0.249841,0.218375,0.321552
0.281735,0.350936,0.217875,0.443258
0.029319,-0.449199,0.217625,0.000000
0.450284,-0.010070,0.217125,0.340290
0.049424,0.447918,0.216625,0.210517
0.266191,-0.363764,0.216375,0.256178
0.385848,0.233494,0.215875,0.603538
0.420399,-0.164273,0.215125,0.344873
0.200503,0.404641,0.214625,0.337145
0.125520,-0.433922,0.214375,0.000000
0.443467,0.087149,0.213875,0.368718
0.339249,-0.299145,0.213125,0.310731
0.327829,0.311960,0.212625,0.557537
0.447383,-0.070412,0.211875,0.312536
0.109311,0.439740,0.211375,0.260025
0.216493,-0.398192,0.211125,0.220915
0.415808,0.180945,0.210625,0.548178
0.396896,-0.220060,0.209875,0.345203
0.254045,0.376328,0.209375,0.399615
0.066898,-0.449212,0.209125,0.000000
0.453570,0.027383,0.208625,0.358367
0.012382,0.454456,0.208125,0.195554
0.297926,-0.343552,0.207875,0.288980
0.368468,0.266884,0.207375,0.635214
0.436316,-0.130131,0.206625,0.352184
0.167862,0.423479,0.206125,0.311400
0.162320,-0.425755,0.205875,0.195260
0.438533,0.124538,0.205375,0.438518
0.365925,-0.272447,0.204625,0.332993
0.303544,0.340872,0.204125,0.510370
0.006433,-0.456501,0.203875,0.000000
0.455538,-0.033518,0.203375,0.344349
0.073251,0.451083,0.202875,0.231774
0.250750,-0.382188,0.202625,0.252230
0.402841,0.216482,0.202125,0.634352
0.417206,-0.188115,0.201375,0.367598
0.223977,0.399354,0.200875,0.365537
0.104631,-0.445872,0.200625,0.000000
0.453529,0.065281,0.200125,0.381310
0.327985,-0.320430,0.199375,0.316898
0.348042,0.298857,0.198875,0.629291
0.449253,-0.094437,0.198125,0.347437
0.133414,0.439483,0.197625,0.281262
0.198537,-0.414278,0.197375,0.220174
0.430249,0.161634,0.196875,0.543566
0.390326,-0.243271,0.196125,0.358816
0.276592,0.367733,0.195625,0.455833
0.044460,-0.458096,0.195375,0.000000
0.460441,0.004242,0.194875,0.377365
0.036045,0.459259,0.194375,0.215713
0.283712,-0.363075,0.194125,0.286663
0.386665,0.250998,0.193625,0.688530
0.434750,-0.154246,0.192875,0.380628
0.191750,0.419790,0.192375,0.336397
0.142206,-0.439165,0.192125,0.192371
0.450118,0.103313,0.191625,0.434832
0.356098,-0.294552,0.190875,0.341825
0.324701,0.329130,0.190375,0.588425
0.459064,-0.057466,0.189625,0.337460
0.097423,0.452483,0.189125,0.254466
0.233863,-0.399543,0.188875,0.248687
0.418643,0.198124,0.188375,0.654440
0.412221,-0.211828,0.187625,0.385303
0.247163,0.392294,0.187125,0.409211
0.082758,-0.456321,0.186875,0.000000
0.462009,0.042566,0.186375,0.405262
0.315088,-0.340973,0.185625,0.319273
0.367372,0.284194,0.185125,0.701489
0.449349,-0.118708,0.184375,0.380731
0.157605,0.437436,0.183875,0.306651
0.179309,-0.429104,0.183625,0.218561
0.443325,0.141167,0.183125,0.533623
0.382008,-0.266100,0.182375,0.369318
0.298604,0.357432,0.181875,0.529055
0.021265,-0.465360,0.181625,0.000000
0.465632,-0.019509,0.181125,0.384081
0.060168,0.462336,0.180625,0.238601
0.267993,-0.381634,0.180375,0.281702
0.403769,0.233699,0.179875,0.737247
0.431399,-0.178350,0.179125,0.404478
0.215471,0.414325,0.178625,0.372536
0.121016,-0.451151,0.178375,0.185282
0.460192,0.081143,0.177875,0.447079
0.344604,-0.316030,0.177125,0.348282
0.345087,0.315783,0.176625,0.673205
0.460848,-0.081776,0.175875,0.370486
0.121802,0.452115,0.175375,0.279818
0.215630,-0.415734,0.175125,0.245481
0.433167,0.178529,0.174625,0.661171
0.405478,-0.235277,0.173875,0.399402
0.269932,0.383507,0.173375,0.470947
0.060028,-0.465214,0.173125,0.000000
0.468865,0.019134,0.172625,0.426833
0.021939,0.468926,0.172125,0.234204
0.300637,-0.360661,0.171875,0.317066
0.385714,0.268059,0.171375,0.774176
0.447675,-0.143089,0.170625,0.410702
0.181749,0.433618,0.170125,0.340006
0.158919,-0.442591,0.169875,0.213895
0.454965,0.119663,0.169375,0.528946
0.371996,-0.288418,0.168625,0.378118
0.319957,0.345487,0.168125,0.616131
0.469119,-0.043735,0.167375,0.375095
0.084613,0.463674,0.166875,0.263226
0.250864,-0.399129,0.166625,0.275388
0.419689,0.215089,0.166125,0.776649
0.426288,-0.202310,0.165375,0.424349
0.238892,0.407120,0.164875,0.423703
0.098872,-0.461652,0.164625,0.000000
0.468701,0.058155,0.164125,0.470205
0.331510,-0.336764,0.163375,0.351122
0.364590,0.300909,0.162875,0.762956
0.460883,-0.106312,0.162125,0.405001
0.146251,0.449987,0.161625,0.310649
0.196156,-0.430675,0.161375,0.241421
0.446335,0.157810,0.160875,0.656966
0.397019,-0.258333,0.160125,0.411627
0.292158,0.373047,0.159625,0.550591
0.036568,-0.472507,0.159375,0.000000
0.474062,-0.004883,0.158875,0.432775
0.046326,0.471987,0.158375,0.258151
0.284713,-0.379388,0.158125,0.310292
0.402968,0.250542,0.157625,0.845896
0.444244,-0.167443,0.156875,0.437018
0.205712,0.428053,0.156375,0.384928
0.137484,-0.454668,0.156125,0.205526
0.465107,0.097241,0.155625,0.536758
0.360346,-0.310104,0.154875,0.384904
0.340537,0.331969,0.154375,0.713729
0.470887,-0.068302,0.153625,0.391649
0.109245,0.463269,0.153125,0.290544
0.232419,-0.415464,0.152875,0.268828
0.434339,0.195272,0.152375,0.800007
0.419448,-0.225994,0.151625,0.442486
0.261887,0.398217,0.151125,0.491972
0.075897,-0.470613,0.150875,0.000000
0.475604,0.034474,0.150375,0.489275
0.007240,0.476954,0.149875,0.261055
0.316891,-0.356640,0.149625,0.348482
0.383105,0.284592,0.149125,0.857948
0.459173,-0.130940,0.148375,0.436480
0.170637,0.446112,0.147875,0.350422
0.175550,-0.444285,0.147625,0.235100
0.458079,0.136080,0.147125,0.650302
0.386893,-0.280871,0.146375,0.422437
0.313720,0.360971,0.145875,0.645759
0.012507,-0.478160,0.145625,0.000000
0.477574,-0.029353,0.145125,0.418953
0.071016,0.473329,0.144625,0.282859
0.267406,-0.397051,0.144375,0.300553
0.419041,0.231743,0.143875,0.909618
0.439078,-0.191640,0.143125,0.461645
0.229364,0.420773,0.142625,0.443912
0.115120,-0.465270,0.142375,0.194494
0.473700,0.074026,0.141875,0.552992
0.347125,-0.331041,0.141125,0.387766
0.360231,0.316951,0.140625,0.820878
0.470926,-0.093077,0.139875,0.426601
0.133932,0.461126,0.139375,0.323481
0.212760,-0.430555,0.139125,0.262201
0.447641,0.174357,0.138625,0.804778
0.410917,-0.249275,0.137875,0.460170
0.284330,0.387666,0.137375,0.577224
0.052216,-0.477986,0.137125,0.000000
0.480863,0.010231,0.136625,0.490078
0.031858,0.480057,0.136125,0.284207
0.300828,-0.375554,0.135875,0.339645
0.400533,0.266921,0.135375,0.955755
0.455728,-0.155527,0.134625,0.466154
0.194830,0.440513,0.134125,0.401983
0.153923,-0.456492,0.133875,0.225935
0.468336,0.113457,0.133375,0.648988
0.375155,-0.302770,0.132625,0.430497
0.334504,0.347347,0.132125,0.754206
0.479384,-0.054146,0.131375,0.410381
0.095876,0.472948,0.130875,0.309255
0.248810,-0.413558,0.130625,0.290362
0.433849,0.211761,0.130125,0.954376
0.432205,-0.215549,0.129375,0.487181
0.252579,0.411819,0.128875,0.517872
0.091948,-0.474343,0.128625,0.000000
0.480697,0.050140,0.128125,0.563572
0.332403,-0.351118,0.127375,0.384216
0.378937,0.300515,0.126875,0.937915
0.469239,-0.117928,0.126125,0.459426
0.158543,0.457256,0.125625,0.365665
0.191993,-0.444319,0.125375,0.254673
0.459526,0.152454,0.124875,0.796022
0.400740,-0.272030,0.124125,0.476128
0.306104,0.375523,0.123625,0.677954
0.027954,-0.483733,0.123375,0.000000
0.484451,-0.014447,0.122875,0.468503
0.056760,0.481459,0.122375,0.306516
0.283404,-0.393405,0.122125,0.326484
0.416784,0.247990,0.121625,1.047076
0.450566,-0.179943,0.120875,0.497015
0.218701,0.433220,0.120375,0.466640
0.131390,-0.467233,0.120125,0.214429
0.477052,0.090061,0.119625,0.651724
0.361867,-0.323915,0.118875,0.433226
0.354400,0.332247,0.118375,0.875825
0.479482,-0.079130,0.117625,0.445050
0.120776,0.470845,0.117125,0.340688
0.229023,-0.428823,0.116875,0.281264
0.447313,0.190703,0.116375,0.972148
0.423660,-0.239045,0.115625,0.513760
0.275236,0.401237,0.115125,0.606306
0.068090,-0.481838,0.114875,0.000000
0.486063,0.025710,0.114375,0.554796
0.016887,0.486567,0.113875,0.310215
0.316257,-0.370230,0.113625,0.373172
0.396557,0.282746,0.113125,1.061570
0.465834,-0.142725,0.112375,0.492465
0.182947,0.451679,0.111875,0.419789
0.170226,-0.456687,0.111625,0.245229
0.469931,0.129678,0.111125,0.781838
0.388972,-0.294139,0.110375,0.487147
0.327095,0.361852,0.109875,0.793274
0.003238,-0.487824,0.109625,0.000000
0.486351,-0.039432,0.109125,0.430656
0.081819,0.481151,0.108625,0.329411
0.264712,-0.410100,0.108375,0.312663
0.431771,0.227897,0.107875,1.117317
0.443715,-0.204061,0.107125,0.531629
0.242126,0.424271,0.106625,0.543946
0.108067,-0.476451,0.106375,0.201553
0.484183,0.066014,0.105875,0.647669
0.347099,-0.344196,0.105125,0.428047
0.373306,0.315747,0.104625,1.011174
0.477867,-0.104177,0.103875,0.478714
0.145587,0.467031,0.103375,0.381240
0.208146,-0.442765,0.103125,0.272690
0.459365,0.168676,0.102625,0.963260
0.413490,-0.262007,0.101875,0.537681
0.297217,0.389083,0.101375,0.708476
0.043668,-0.487716,0.101125,0.000000
0.489769,0.000862,0.100625,0.522868
0.041969,0.488071,0.100125,0.328065
0.298772,-0.388279,0.099875,0.356628
0.412998,0.263737,0.099375,1.181027
0.460728,-0.167339,0.098625,0.529233
0.207020,0.444426,0.098125,0.486497
0.147570,-0.467593,0.097875,0.233519
0.478802,0.106147,0.097375,0.765072
0.375673,-0.315489,0.096625,0.489815
0.347194,0.346722,0.096125,0.924180
0.486550,-0.064593,0.095375,0.457507
0.106904,0.479135,0.094875,0.356841
0.244847,-0.425554,0.094625,0.300795
0.445417,0.206746,0.094125,1.153173
0.435210,-0.227758,0.093375,0.568731
0.264985,0.413711,0.092875,0.632502
0.084074,-0.484099,0.092625,0.188077
0.489690,0.041437,0.092125,0.625181
0.001533,0.491531,0.091625,0.331078
0.330925,-0.363509,0.091375,0.414086
0.391123,0.297934,0.090875,1.156715
0.474548,-0.129157,0.090125,0.514147
0.170182,0.461525,0.089625,0.433766
0.186287,-0.455312,0.089375,0.262826
0.469942,0.145794,0.088875,0.934871
0.401743,-0.284317,0.088125,0.553244
0.318409,0.375416,0.087625,0.825103
0.018807,-0.491947,0.087375,0.000000
0.491796,-0.024278,0.086875,0.474454
0.067193,0.487877,0.086375,0.346113
0.280035,-0.405170,0.086125,0.338835
0.428177,0.243584,0.085625,1.279315
0.453947,-0.191646,0.084875,0.572124
0.230639,0.435530,0.084375,0.564233
0.124141,-0.476982,0.084125,0.219930
0.486093,0.081980,0.083625,0.740512
0.360910,-0.335970,0.082875,0.481970
0.366299,0.330211,0.082375,1.071684
0.485049,-0.089804,0.081625,0.491024
0.131888,0.475420,0.081125,0.393203
0.223910,-0.439686,0.080875,0.290379
0.457654,0.184643,0.080375,1.148992
0.425092,-0.250912,0.079625,0.601985
0.287162,0.401593,0.079125,0.731830
0.059533,-0.490137,0.078875,0.000000
0.493545,0.016457,0.078375,0.580953
0.026759,0.493173,0.077875,0.343912
0.313427,-0.381756,0.077625,0.393470
0.407760,0.278896,0.077125,1.301311
0.469540,-0.153944,0.076375,0.554815
0.194435,0.454355,0.075875,0.498729
0.163555,-0.466402,0.075625,0.250401
0.478989,0.122172,0.075125,0.894273
0.388480,-0.305862,0.074375,0.555940
0.338705,0.360307,0.073875,0.958698
0.492132,-0.049583,0.073125,0.460487
0.092432,0.485986,0.072625,0.368821
0.260141,-0.420819,0.072375,0.323015
0.442016,0.222387,0.071875,1.338699
0.445524,-0.215522,0.071125,0.618822
0.253684,0.425037,0.070625,0.650448
0.100057,-0.484805,0.070375,0.205143
0.491767,0.057298,0.069875,0.700500
0.344755,-0.355480,0.069125,0.463622
0.384313,0.312401,0.068625,1.232449
0.481853,-0.114938,0.067875,0.527083
0.156646,0.470024,0.067375,0.441351
0.202005,-0.452425,0.067125,0.278797
0.468417,0.161700,0.066625,1.108738
0.413412,-0.273407,0.065875,0.622897
0.308544,0.387978,0.065375,0.844110
0.034567,-0.494534,0.065125,0.000000
0.495728,-0.008802,0.064625,0.521519
0.052114,0.493125,0.064125,0.357515
0.294693,-0.398844,0.063875,0.370508
0.423135,0.258729,0.063375,1.427256
0.462868,-0.178414,0.062625,0.602967
0.218225,0.445554,0.062125,0.574039
0.140064,-0.475976,0.061875,0.235531
0.486460,0.097927,0.061375,0.843914
0.373766,-0.326533,0.060625,0.544291
0.358003,0.343829,0.060125,1.111002
0.490776,-0.074926,0.059375,0.492668
0.117560,0.482404,0.058875,0.400449
0.239188,-0.435146,0.058625,0.308786
0.454445,0.200253,0.058125,1.346664
0.435500,-0.238848,0.057375,0.660824
0.276039,0.412998,0.056875,0.744194
0.075438,-0.491022,0.056625,0.189823
0.495794,0.032225,0.056125,0.642713
0.011245,0.496769,0.055625,0.352954
0.327289,-0.373919,0.055375,0.437332
0.401145,0.293379,0.054875,1.395938
0.476977,-0.139869,0.054125,0.568662
0.181053,0.462973,0.053625,0.501690
0.179240,-0.463707,0.053375,0.264055
0.477653,0.138029,0.052875,1.042818
0.400226,-0.295131,0.052125,0.625583
0.329025,0.372931,0.051625,0.973556
0.009299,-0.497267,0.051375,0.000000
0.496227,-0.034214,0.050875,0.458007
0.077474,0.491386,0.050375,0.376493
0.274813,-0.414687,0.050125,0.348615
0.437169,0.237531,0.049625,1.513830
0.454563,-0.202445,0.048875,0.656017
0.241434,0.435166,0.048375,0.656248
0.115930,-0.483988,0.048125,0.219267
0.492317,0.073181,0.047625,0.782518
0.357672,-0.346227,0.046875,0.519783
0.376207,0.326064,0.046375,1.278995
0.487732,-0.100181,0.045625,0.527295
0.142451,0.477149,0.045125,0.443381
0.217280,-0.448080,0.044875,0.293159
0.465402,0.177291,0.044375,1.301070
0.423923,-0.261507,0.043625,0.686976
0.297594,0.399472,0.043125,0.848248
0.050405,-0.495602,0.042875,0.000000
0.498154,0.006885,0.042375,0.572807
0.036696,0.496890,0.041875,0.363753
0.308599,-0.391196,0.041625,0.407267
0.416712,0.273239,0.041125,1.545096
0.470445,-0.164474,0.040375,0.617917
0.204990,0.454301,0.039875,0.572083
0.155729,-0.473475,0.039625,0.246384
0.485315,0.113748,0.039125,0.962349
0.385600,-0.315975,0.038375,0.609248
0.348503,0.356527,0.037875,1.122890
0.495038,-0.059654,0.037125,0.482312
0.102713,0.487964,0.036625,0.404460
0.253887,-0.429206,0.036375,0.327783
0.449792,0.215407,0.035875,1.541674
0.444666,-0.225917,0.035125,0.704434
0.263946,0.423242,0.034625,0.743415
0.091273,-0.490395,0.034375,0.202733
0.496531,0.048054,0.033875,0.709943
0.340279,-0.364847,0.033125,0.485926
0.393225,0.307099,0.032625,1.452863
0.483014,-0.125225,0.031875,0.566742
0.166984,0.470247,0.031375,0.497713
0.194525,-0.459556,0.031125,0.273879
0.474832,0.153613,0.030625,1.212337
0.410851,-0.283389,0.029875,0.689731
0.318242,0.384525,0.029375,0.967992
0.025082,-0.498520,0.029125,0.000000
0.498833,-0.018599,0.028625,0.500879
0.062142,0.495326,0.028125,0.380827
0.288774,-0.407225,0.027875,0.376803
0.430936,0.252081,0.027375,1.657952
0.462287,-0.188631,0.026625,0.672819
0.228337,0.444049,0.026125,0.648711
0.131586,-0.481680,0.025875,0.227654
0.491365,0.088976,0.025375,0.875041
0.369604,-0.335836,0.024625,0.577212
0.366881,0.338845,0.024125,1.289379
0.492168,-0.084997,0.023375,0.513935
0.127706,0.482875,0.022875,0.442887
0.232016,-0.442331,0.022625,0.305421
0.460942,0.192466,0.022125,1.500109
0.433224,-0.248717,0.021375,0.735098
0.285651,0.409838,0.020875,0.837717
0.066213,-0.495167,0.020625,0.186710
0.499080,0.022670,0.020125,0.630430
0.021050,0.499171,0.019625,0.365444
0.321670,-0.382300,0.019375,0.446930
0.408974,0.287026,0.018875,1.616677
0.476646,-0.149932,0.018125,0.613152
0.191036,0.461730,0.017625,0.561322
0.171033,-0.469517,0.017375,0.251572
0.482688,0.129335,0.016875,1.099430
0.396346,-0.304385,0.016125,0.668627
0.337881,0.368229,0.015625,1.107013
0.497829,-0.044100,0.014875,0.462216
0.087456,0.492082,0.014375,0.406778
0.267913,-0.421928,0.014125,0.346609
0.443747,0.230006,0.013625,1.709725
0.452544,-0.212222,0.012875,0.724227
0.250980,0.432269,0.012375,0.728659
0.106930,-0.488282,0.012125,0.209793
0.495772,0.063834,0.011625,0.785097
0.352317,-0.354618,0.010875,0.534495
0.384070,0.319972,0.010375,1.463546
0.487628,-0.110118,0.009625,0.549012
0.152331,0.476143,0.009125,0.491175
0.209308,-0.453995,0.008875,0.279644
0.470564,0.168819,0.008375,1.395508
0.420294,-0.270730,0.007625,0.738635
0.306443,0.395022,0.007125,0.944457
0.040872,-0.498279,0.006875,0.000000
0.499951,-0.002847,0.006375,0.551473
0.046545,0.497794,0.005875,0.381885
0.301936,-0.398501,0.005625,0.406114
0.423377,0.265944,0.005125,1.748659
0.468658,-0.174184,0.004375,0.665536
0.214492,0.451640,0.003875,0.630404
0.146919,-0.477914,0.003625,0.229097
0.488932,0.104575,0.003125,0.981076
0.380479,-0.324392,0.002375,0.628786
0.356415,0.350664,0.001875,1.262916
0.495146,-0.069494,0.001125,0.490374
0.112516,0.487175,0.000625,0.441920
0.246116,-0.435232,0.000375,0.315284
0.455082,0.207123,-0.000125,1.680833
0.441262,-0.235131,-0.000875,0.758289
0.272808,0.419015,-0.001375,0.812743
0.081880,-0.493247,-0.001625,0.193722
0.498515,0.038444,-0.002125,0.695613
0.005286,0.499965,-0.002625,0.362921
0.333823,-0.372228,-0.002875,0.485816
0.399985,0.300001,-0.003375,1.630242
0.481442,-0.134895,-0.004125,0.589821
0.176467,0.467801,-0.004625,0.546940
0.185873,-0.464142,-0.004875,0.251583
0.478610,0.144582,-0.005375,1.251703
0.405938,-0.291851,-0.006125,0.714177
0.326219,0.378863,-0.006625,1.067424
0.015375,-0.499716,-0.006875,0.000000
0.499140,-0.028372,-0.007375,0.479984
0.071900,0.494741,-0.007875,0.406809
0.281174,-0.413371,-0.008125,0.364953
0.436362,0.243954,-0.008625,1.821334
0.459089,-0.197861,-0.009375,0.716259
0.237235,0.440025,-0.009875,0.701553
0.122301,-0.484706,-0.010125,0.209333
0.493532,0.079456,-0.010625,0.868826
0.363328,-0.343312,-0.011375,0.577132
0.373753,0.331915,-0.011875,1.426408
0.490796,-0.094657,-0.012625,0.520090
0.137199,0.480629,-0.013125,0.484722
0.223491,-0.447072,-0.013375,0.281969
0.464886,0.183544,-0.013875,1.570505
0.428497,-0.257247,-0.014625,0.764026
0.293715,0.404354,-0.015125,0.905013
0.056560,-0.496553,-0.015375,0.000000
0.499581,0.012932,-0.015875,0.610133
0.030793,0.498782,-0.016375,0.378500
0.314211,-0.388580,-0.016625,0.434559
0.414549,0.279027,-0.017125,1.768709
0.473639,-0.159207,-0.017875,0.636500
0.199998,0.457890,-0.018375,0.606491
0.161825,-0.472722,-0.018625,0.224794
0.485041,0.119872,-0.019125,1.098614
0.390226,-0.311976,-0.019875,0.668018
0.344883,0.361442,-0.020375,1.204601
0.496650,-0.053781,-0.021125,0.462465
0.096990,0.490026,-0.021625,0.439339
0.259484,-0.426837,-0.021875,0.323678
0.447868,0.221164,-0.022375,1.808849
0.447986,-0.220848,-0.023125,0.752136
0.259156,0.426943,-0.023625,0.774374
0.097300,-0.489860,-0.023875,0.193463
0.496467,0.054098,-0.024375,0.766364
0.344976,-0.361054,-0.025125,0.519456
0.389812,0.312074,-0.025625,1.582836
0.484801,-0.119467,-0.026375,0.553969
0.161385,0.472475,-0.026875,0.532274
0.200146,-0.457390,-0.027125,0.248268
0.473111,0.159383,-0.027625,1.403038
0.414311,-0.278462,-0.028375,0.739312
0.313600,0.388357,-0.028875,1.008578
0.031092,-0.498182,-0.029125,0.000000
0.498963,-0.012580,-0.029625,0.531943
0.056151,0.495923,-0.030125,0.402074
0.293578,-0.403595,-0.030375,0.382851
0.427690,0.257154,-0.030875,1.851974
0.464257,-0.182935,-0.031625,0.683347
0.222809,0.446458,-0.032125,0.666545
0.137281,-0.479693,-0.032375,0.202809
0.489826,0.094812,-0.032875,0.957954
0.373235,-0.331006,-0.033625,0.608921
0.362345,0.342844,-0.034125,1.347304
0.492494,-0.078949,-0.034875,0.486997
0.121695,0.483672,-0.035375,0.476976
0.236973,-0.438833,-0.035625,0.282875
0.457837,0.197686,-0.036125,1.703096
0.435402,-0.243033,-0.036875,0.761347
0.280147,0.412457,-0.037375,0.851337
0.072036,-0.493351,-0.037625,0.000000
0.497722,0.028627,-0.038125,0.673034
0.014995,0.498280,-0.038625,0.369298
0.325514,-0.377531,-0.038875,0.459475
0.404512,0.291238,-0.039375,1.712957
0.477190,-0.143803,-0.040125,0.593173
0.184956,0.462754,-0.040625,0.581002
0.176198,-0.466137,-0.040875,0.217790
0.479717,0.134759,-0.041375,1.216840
0.398773,-0.298673,-0.042125,0.690406
0.332364,0.371103,-0.042625,1.121679
0.005601,-0.498127,-0.042875,0.000000
0.496666,-0.037966,-0.043375,0.462904
0.081235,0.491402,-0.043875,0.431666
0.272025,-0.417199,-0.044125,0.332394
0.439345,0.234489,-0.044625,1.852743
0.453343,-0.205964,-0.045375,0.718860
0.244787,0.433561,-0.045875,0.726312
0.112363,-0.485023,-0.046125,0.187011
0.492943,0.069522,-0.046625,0.837098
0.355048,-0.348850,-0.047375,0.544191
0.378518,0.323159,-0.047875,1.481878
0.486694,-0.103755,-0.048625,0.513660
0.145893,0.475712,-0.049125,0.516280
0.213752,-0.449302,-0.049375,0.244536
0.466222,0.173635,-0.049875,1.524790
0.421401,-0.264308,-0.050625,0.740080
0.300106,0.396639,-0.051125,0.934368
0.046635,-0.495162,-0.051375,0.000000
0.497292,0.003166,-0.051875,0.587302
0.040318,0.495612,-0.052375,0.390216
0.305036,-0.392663,-0.052625,0.399651
0.417782,0.269510,-0.053125,1.792897
0.468002,-0.167545,-0.053875,0.633790
0.207796,0.451513,-0.054375,0.628263
0.151762,-0.473270,-0.054625,0.193975
0.484672,0.109793,-0.055125,1.044484
0.381960,-0.317780,-0.055875,0.627167
0.349917,0.352676,-0.056375,1.236931
0.492702,-0.063102,-0.057125,0.455434
0.105923,0.485242,-0.057625,0.463914
0.249658,-0.429327,-0.057875,0.285155
0.449457,0.211143,-0.058375,1.758629
0.440951,-0.228181,-0.059125,0.731466
0.265826,0.419263,-0.059625,0.787220
0.087191,-0.488685,-0.059875,0.000000
0.494376,0.044129,-0.060375,0.732713
0.335756,-0.365420,-0.061125,0.478292
0.393325,0.302485,-0.061625,1.591248
0.479277,-0.128075,-0.062375,0.544581
0.169464,0.466185,-0.062875,0.553927
0.189934,-0.458193,-0.063125,0.211663
0.472982,0.149129,-0.063625,1.315451
0.406051,-0.284568,-0.064375,0.693286
0.318935,0.379568,-0.064875,1.021780
0.021220,-0.495286,-0.065125,0.000000
0.495179,-0.022159,-0.065625,0.508626
0.065357,0.491280,-0.066125,0.415924
0.283643,-0.406375,-0.066375,0.342464
0.429559,0.246996,-0.066875,1.798773
0.457283,-0.190577,-0.067625,0.666364
0.229794,0.438810,-0.068125,0.673724
0.126960,-0.478755,-0.068375,0.000000
0.487953,0.084607,-0.068875,0.900124
0.363956,-0.335691,-0.069625,0.558416
0.366172,0.333167,-0.070125,1.342778
0.487090,-0.087864,-0.070875,0.475194
0.130093,0.477474,-0.071375,0.495052
0.226586,-0.439919,-0.071625,0.243378
0.457977,0.187231,-0.072125,1.584827
0.427143,-0.249476,-0.072875,0.716016
0.285822,0.403636,-0.073375,0.850133
0.061892,-0.490662,-0.073625,0.000000
0.494119,0.018755,-0.074125,0.638251
0.024511,0.493792,-0.074625,0.370974
0.315453,-0.380635,-0.074875,0.413844
0.406694,0.280925,-0.075375,1.656081
0.470281,-0.151791,-0.076125,0.577374
0.192295,0.455139,-0.076625,0.588261
0.165637,-0.465462,-0.076875,0.186773
0.478085,0.124290,-0.077375,1.115565
0.389429,-0.303713,-0.078125,0.630637
0.336542,0.361327,-0.078625,1.107934
0.491396,-0.047223,-0.079375,0.438234
0.089989,0.485306,-0.079875,0.442351
0.261443,-0.418602,-0.080125,0.290664
0.439783,0.223809,-0.080625,1.718505
0.445085,-0.212785,-0.081375,0.680505
0.250840,0.424707,-0.081875,0.718529
0.101915,-0.482565,-0.082125,0.000000
0.489544,0.059326,-0.082625,0.780864
0.344851,-0.352316,-0.083375,0.489768
0.381050,0.312675,-0.083875,1.425210
0.479860,-0.112129,-0.084625,0.497551
0.153625,0.468138,-0.085125,0.522258
0.202926,-0.448923,-0.085375,0.209096
0.464863,0.162873,-0.085875,1.369748
0.411987,-0.269745,-0.086625,0.675482
0.304676,0.386758,-0.087125,0.913377
0.036589,-0.490945,-0.087375,0.000000
0.492175,-0.006471,-0.087875,0.549825
0.049466,0.489636,-0.088375,0.391988
0.294242,-0.394420,-0.088625,0.353306
0.418557,0.258586,-0.089125,1.658700
0.459753,-0.174785,-0.089875,0.604550
0.214270,0.442629,-0.090375,0.619857
0.140982,-0.471074,-0.090625,0.000000
0.481506,0.099240,-0.091125,0.947073
0.371618,-0.321650,-0.091875,0.561843
0.352841,0.342009,-0.092375,1.184327
0.485961,-0.071902,-0.093125,0.440611
0.114090,0.477721,-0.093625,0.465647
0.238547,-0.429282,-0.093875,0.246489
0.448406,0.200064,-0.094375,1.562396
0.431471,-0.234060,-0.095125,0.670613
0.270831,0.409275,-0.095625,0.762925
0.076751,-0.484683,-0.095875,0.000000
0.489439,0.034077,-0.096375,0.676606
0.008842,0.490446,-0.096875,0.347055
0.324739,-0.367575,-0.097125,0.424154
0.394478,0.291301,-0.097625,1.469747
0.471049,-0.135778,-0.098375,0.521576
0.176403,0.457281,-0.098875,0.545026
0.178796,-0.456296,-0.099125,0.000000
0.470083,0.138191,-0.099625,1.155598
0.395562,-0.288887,-0.100375,0.618137
0.322296,0.368713,-0.100875,0.973134
0.011410,-0.489534,-0.101125,0.000000
0.488554,-0.031425,-0.101625,0.468304
0.074001,0.483833,-0.102125,0.412515
0.272230,-0.406707,-0.102375,0.299321
0.428858,0.235580,-0.102875,1.590876
0.447745,-0.196942,-0.103625,0.617363
0.235281,0.428720,-0.104125,0.649996
0.116094,-0.475003,-0.104375,0.000000
0.483228,0.074106,-0.104875,0.810945
0.352709,-0.338289,-0.105625,0.493756
0.367748,0.321712,-0.106125,1.240720
0.478903,-0.096071,-0.106875,0.454766
0.137541,0.468565,-0.107375,0.483703
0.215069,-0.438363,-0.107625,0.211038
0.455384,0.175881,-0.108125,1.361184
0.416510,-0.254294,-0.108875,0.637912
0.289667,0.392594,-0.109375,0.805381
0.051596,-0.485098,-0.109625,0.000000
0.487639,0.008986,-0.110125,0.579782
0.033673,0.486445,-0.110625,0.363234
0.303724,-0.381390,-0.110875,0.363558
0.406388,0.269155,-0.111375,1.465078
0.460701,-0.158690,-0.112125,0.541618
0.198312,0.444958,-0.112625,0.564869
0.154317,-0.462001,-0.112875,0.000000
0.473611,0.113309,-0.113375,0.969813
0.377949,-0.306806,-0.114125,0.553534
0.338592,0.349595,-0.114625,1.024239
0.483275,-0.055979,-0.115375,0.407825
0.097992,0.476414,-0.115875,0.428788
0.249526,-0.417434,-0.116125,0.253754
0.437543,0.212024,-0.116625,1.460116
0.434320,-0.218150,-0.117375,0.610626
0.255222,0.413482,-0.117875,0.678655
0.091099,-0.477229,-0.118125,0.000000
0.483245,0.049016,-0.118625,0.696651
0.332798,-0.353547,-0.119375,0.429938
0.381191,0.300538,-0.119875,1.267028
0.470259,-0.119609,-0.120625,0.470000
0.160222,0.457884,-0.121125,0.497141
0.191129,-0.445800,-0.121375,0.000000
0.460684,0.151383,-0.121875,1.151894
0.400280,-0.273385,-0.122625,0.588727
0.307253,0.374748,-0.123125,0.843766
0.026577,-0.483810,-0.123375,0.000000
0.484154,-0.015818,-0.123875,0.489643
0.058070,0.480790,-0.124375,0.378448
0.281912,-0.393693,-0.124625,0.309803
0.416721,0.246349,-0.125125,1.407753
0.448871,-0.180749,-0.125875,0.550632
0.219241,0.431234,-0.126375,0.583214
0.129615,-0.466011,-0.126625,0.000000
0.475429,0.088354,-0.127125,0.819223
0.359240,-0.323411,-0.127875,0.489346
0.353482,0.329500,-0.128375,1.060285
0.476367,-0.080010,-0.129125,0.415145
0.121317,0.467418,-0.129625,0.439480
0.226250,-0.426548,-0.129875,0.217027
0.444571,0.188040,-0.130375,1.288104
0.419546,-0.238301,-0.131125,0.584570
0.273990,0.396994,-0.131625,0.704640
0.066124,-0.477741,-0.131875,0.000000
0.481556,0.024097,-0.132375,0.593998
0.018090,0.481681,-0.132875,0.335377
0.311987,-0.367344,-0.133125,0.371949
0.393100,0.278597,-0.133625,1.256698
0.460073,-0.142394,-0.134375,0.482459
0.182018,0.445733,-0.134875,0.508197
0.166850,-0.451555,-0.135125,0.000000
0.464278,0.126697,-0.135625,0.962593
0.382862,-0.291236,-0.136375,0.531535
0.323497,0.355830,-0.136875,0.875904
0.001823,-0.480826,-0.137125,0.000000
0.479002,-0.040209,-0.137625,0.410414
0.081907,0.473511,-0.138125,0.389082
0.259417,-0.404419,-0.138375,0.264018
0.425423,0.223000,-0.138875,1.304320
0.435620,-0.201842,-0.139625,0.544273
0.239081,0.416179,-0.140125,0.599906
0.104818,-0.468303,-0.140375,0.000000
0.475529,0.063455,-0.140875,0.696552
0.339532,-0.338615,-0.141625,0.429918
0.366889,0.308533,-0.142125,1.074697
0.467864,-0.103392,-0.142875,0.422907
0.143855,0.456891,-0.143375,0.446162
0.202520,-0.434002,-0.143625,0.188467
0.449904,0.163750,-0.144125,1.102128
0.403501,-0.257291,-0.144875,0.543806
0.291490,0.379341,-0.145375,0.727317
0.041300,-0.476537,-0.145625,0.000000
0.478171,-0.000520,-0.146125,0.499718
0.042309,0.476142,-0.146625,0.346459
0.290385,-0.379610,-0.146875,0.320539
0.403414,0.256003,-0.147375,1.209724
0.448399,-0.164308,-0.148125,0.486686
0.202814,0.432177,-0.148625,0.518305
0.142359,-0.455599,-0.148875,0.000000
0.466147,0.101950,-0.149375,0.805370
0.364350,-0.307753,-0.150125,0.474102
0.338316,0.335938,-0.150625,0.898599
0.472210,-0.064058,-0.151375,0.375972
0.105061,0.464646,-0.151875,0.394504
0.236356,-0.413514,-0.152125,0.226241
0.432449,0.199232,-0.152625,1.168782
0.421016,-0.221859,-0.153375,0.522479
0.257730,0.399872,-0.153875,0.614224
0.080054,-0.468868,-0.154125,0.000000
0.473909,0.038744,-0.154625,0.591459
0.002836,0.475319,-0.155125,0.313818
0.318928,-0.352340,-0.155375,0.376686
0.378743,0.286804,-0.155875,1.063667
0.457812,-0.126003,-0.156625,0.428908
0.165487,0.444888,-0.157125,0.451513
0.178462,-0.439755,-0.157375,0.000000
0.453515,0.139284,-0.157875,0.925779
0.386268,-0.275019,-0.158625,0.495358
0.307627,0.360617,-0.159125,0.746781
0.016756,-0.473623,-0.159375,0.000000
0.473106,-0.024706,-0.159875,0.416684
0.065950,0.468967,-0.160375,0.353168
0.268106,-0.390281,-0.160625,0.275948
0.412078,0.232875,-0.161125,1.132229
0.435298,-0.185235,-0.161875,0.479199
0.222501,0.417286,-0.162375,0.527239
0.117786,-0.457908,-0.162625,0.000000
0.466282,0.077274,-0.163125,0.678733
0.344839,-0.322848,-0.163875,0.421338
0.351630,0.315178,-0.164375,0.907709
0.463814,-0.087239,-0.165125,0.378797
0.127407,0.454242,-0.165625,0.396961
0.212850,-0.420928,-0.165875,0.195833
0.437761,0.175170,-0.166375,1.017941
0.405138,-0.240692,-0.167125,0.488750
0.275086,0.382400,-0.167625,0.626742
0.055457,-0.467699,-0.167875,0.000000
0.470578,0.014350,-0.168375,0.498284
0.026835,0.469852,-0.168875,0.322081
0.297536,-0.364512,-0.169125,0.329496
0.388979,0.264428,-0.169625,1.028523
0.446263,-0.147721,-0.170375,0.429118
0.186098,0.431473,-0.170875,0.456873
0.154203,-0.443777,-0.171125,0.000000
0.455382,0.114771,-0.171625,0.773488
0.367939,-0.291390,-0.172375,0.446406
0.322315,0.340921,-0.172875,0.761997
0.466389,-0.048331,-0.173625,0.349037
0.088885,0.460196,-0.174125,0.355350
0.245268,-0.399296,-0.174375,0.238009
0.419043,0.209337,-0.174875,1.032880
0.420839,-0.205061,-0.175625,0.459967
0.240972,0.401139,-0.176125,0.534764
0.093262,-0.458469,-0.176375,0.000000
0.464680,0.052802,-0.176875,0.575046
0.324435,-0.336439,-0.177625,0.374763
0.363367,0.293660,-0.178125,0.900619
0.453856,-0.109627,-0.178875,0.380709
0.148824,0.442353,-0.179375,0.399304
0.189027,-0.426619,-0.179625,0.000000
0.441329,0.150944,-0.180125,0.867905
0.388069,-0.258238,-0.180875,0.448790
0.291055,0.363855,-0.181375,0.638900
0.031159,-0.464803,-0.181625,0.000000
0.465552,-0.009592,-0.182125,0.417187
0.050235,0.462736,-0.182625,0.326357
0.275474,-0.375061,-0.182875,0.287741
0.397541,0.241527,-0.183375,0.974440
0.433279,-0.168427,-0.184125,0.420784
0.205574,0.416717,-0.184625,0.462026
0.129876,-0.446042,-0.184875,0.000000
0.455493,0.090345,-0.185375,0.649584
0.348612,-0.306312,-0.186125,0.401927
0.335472,0.320359,-0.186625,0.770192
0.458052,-0.071265,-0.187375,0.336319
0.110990,0.449871,-0.187875,0.355579
0.221995,-0.406604,-0.188125,0.206496
0.424269,0.185516,-0.188625,0.920139
0.405099,-0.223677,-0.189375,0.431870
0.258123,0.383823,-0.189875,0.542173
0.068922,-0.457277,-0.190125,0.000000
0.461346,0.028667,-0.190625,0.487511
0.011771,0.461880,-0.191125,0.307060
0.303248,-0.348449,-0.191375,0.333589
0.373458,0.271501,-0.191875,0.878430
0.442391,-0.131096,-0.192625,0.378878
0.169194,0.429041,-0.193125,0.402749
0.165017,-0.430552,-0.193375,0.000000
0.443129,0.126687,-0.193875,0.731787
0.369901,-0.274398,-0.194625,0.408793
0.305546,0.344337,-0.195125,0.650628
0.007295,-0.460191,-0.195375,0.000000
0.458854,-0.032950,-0.195875,0.350670
0.072906,0.454006,-0.196375,0.326660
0.252859,-0.383928,-0.196625,0.251114
0.404376,0.218224,-0.197125,0.906546
0.418927,-0.188005,-0.197875,0.403903
0.223805,0.400698,-0.198375,0.467087
0.105616,-0.446535,-0.198625,0.000000
0.453844,0.066142,-0.199125,0.550932
0.328393,-0.319700,-0.199875,0.363470
0.347021,0.299043,-0.200375,0.769067
0.448139,-0.093380,-0.201125,0.336869
0.132137,0.438049,-0.201625,0.356641
0.198416,-0.412162,-0.201875,0.000000
0.427724,0.161545,-0.202375,0.802500
0.388163,-0.240976,-0.203125,0.399592
0.273856,0.365431,-0.203625,0.551199
0.044902,-0.454333,-0.203875,0.000000
0.456296,0.005007,-0.204375,0.413149
0.034887,0.454763,-0.204875,0.309439
0.281394,-0.358805,-0.205125,0.296484
0.381844,0.248825,-0.205625,0.844715
0.429476,-0.151524,-0.206375,0.371149
0.188397,0.414378,-0.206875,0.407168
0.140955,-0.432702,-0.207125,0.000000
0.443146,0.102534,-0.207625,0.617431
0.350734,-0.289077,-0.208375,0.373229
0.318472,0.323955,-0.208875,0.659648
0.450519,-0.055591,-0.209625,0.299838
0.094717,0.443707,-0.210125,0.325505
0.229820,-0.391056,-0.210375,0.219860
0.409442,0.194652,-0.210875,0.827876
0.403285,-0.206340,-0.211625,0.380908
0.240683,0.383503,-0.212125,0.473407
0.081559,-0.445247,-0.212375,0.000000
0.450439,0.042299,-0.212875,0.471410
0.307392,-0.331473,-0.213625,0.329815
0.356891,0.277091,-0.214125,0.758922
0.436701,-0.114545,-0.214875,0.335197
0.152205,0.424791,-0.215375,0.359666
0.174664,-0.415931,-0.215625,0.000000
0.429380,0.137559,-0.216125,0.689205
0.370123,-0.256855,-0.216875,0.368184
0.288075,0.346065,-0.217375,0.561636
0.021340,-0.449649,-0.217625,0.000000
0.449551,-0.018043,-0.218125,0.351785
0.057245,0.446011,-0.218625,0.307958
0.258995,-0.367444,-0.218875,0.262967
0.388469,0.225757,-0.219375,0.801985
0.415181,-0.170790,-0.220125,0.357427
0.206321,0.398442,-0.220625,0.412795
0.116977,-0.433048,-0.220875,0.000000
0.441374,0.078626,-0.221375,0.526118
0.330673,-0.302185,-0.222125,0.343406
0.329754,0.302820,-0.222625,0.663696
0.440586,-0.077381,-0.223375,0.297107
0.115539,0.431892,-0.223875,0.325459
0.206486,-0.396398,-0.224125,0.194320
0.412700,0.170944,-0.224625,0.741105
0.386437,-0.223321,-0.225375,0.355628
0.256105,0.365227,-0.225875,0.482007
0.057846,-0.442178,-0.226125,0.000000
0.445288,0.018956,-0.226625,0.405798
0.020034,0.444986,-0.227125,0.298470
0.285729,-0.341554,-0.227375,0.298998
0.365017,0.254628,-0.227875,0.741605
0.423797,-0.134635,-0.228625,0.329631
0.171071,0.410166,-0.229125,0.364711
0.150877,-0.417880,-0.229375,0.000000
0.429220,0.113699,-0.229875,0.588558
0.351078,-0.271212,-0.230625,0.341207
0.300691,0.325832,-0.231125,0.571167
0.441142,-0.040344,-0.231875,0.303563
0.078710,0.435668,-0.232375,0.304797
0.236181,-0.374305,-0.232625,0.233629
0.393286,0.202432,-0.233125,0.750071
0.399583,-0.188775,-0.233875,0.339608
0.222852,0.381320,-0.234375,0.420400
0.093226,-0.431579,-0.234625,0.000000
0.437812,0.055104,-0.235125,0.453971
0.309832,-0.313636,-0.235875,0.317853
0.339316,0.281054,-0.236375,0.662465
0.429105,-0.098187,-0.237125,0.297231
0.135243,0.418621,-0.237625,0.327732
0.182994,-0.399911,-0.237875,0.000000
0.414123,0.147241,-0.238375,0.650987
0.368477,-0.238839,-0.239125,0.331954
0.269972,0.345970,-0.239625,0.491792
0.034620,-0.437334,-0.239875,0.000000
0.438413,-0.003744,-0.240375,0.351308
0.042032,0.436134,-0.240875,0.294052
0.263528,-0.349874,-0.241125,0.270317
0.371340,0.231785,-0.241625,0.717572
0.409494,-0.153523,-0.242375,0.319887
0.188616,0.394254,-0.242875,0.371974
0.127195,-0.417985,-0.243125,0.000000
0.427232,0.090108,-0.243625,0.504799
0.331136,-0.283954,-0.244375,0.319412
0.311616,0.304847,-0.244875,0.577735
0.431108,-0.061758,-0.245625,0.267322
0.099147,0.423783,-0.246125,0.302353
0.213084,-0.379334,-0.246375,0.209196
0.396252,0.178988,-0.246875,0.688106
0.382764,-0.205361,-0.247625,0.320673
0.237882,0.363106,-0.248125,0.429636
0.069845,-0.428289,-0.248375,0.000000
0.432470,0.032113,-0.248875,0.395508
0.005815,0.433334,-0.249375,0.288069
0.288329,-0.323348,-0.249625,0.294125
0.347086,0.258784,-0.250125,0.656538
0.416134,-0.117875,-0.250875,0.294719
0.153701,0.403964,-0.251375,0.332791
0.159485,-0.401559,-0.251625,0.000000
0.413685,0.123684,-0.252125,0.564345
0.349502,-0.252789,-0.252875,0.312348
0.282184,0.325842,-0.253375,0.500307
0.012025,-0.430732,-0.253625,0.000000
0.429840,-0.025660,-0.254125,0.306916
0.063098,0.425658,-0.254625,0.287385
0.240919,-0.356366,-0.254875,0.244576
0.375805,0.208696,-0.255375,0.684809
0.393867,-0.171082,-0.256125,0.307198
0.204719,0.377139,-0.256625,0.381306
0.103764,-0.416231,-0.256875,0.000000
0.423413,0.066931,-0.257375,0.437052
0.310410,-0.294987,-0.258125,0.301065
0.320769,0.283232,-0.258625,0.581031
0.419496,-0.082145,-0.259375,0.265096
0.118421,0.410416,-0.259875,0.302279
0.189844,-0.382484,-0.260125,0.189518
0.397333,0.155567,-0.260625,0.617518
0.364818,-0.220433,-0.261375,0.303455
0.251303,0.343902,-0.261875,0.438298
0.046983,-0.423182,-0.262125,0.000000
0.425361,0.009799,-0.262625,0.346731
0.027406,0.424281,-0.263125,0.279406
0.266292,-0.331243,-0.263375,0.271407
0.352998,0.236141,-0.263875,0.644976
0.401737,-0.136312,-0.264625,0.289087
0.170787,0.387996,-0.265125,0.340875
0.136104,-0.401313,-0.265375,0.000000
0.411370,0.100424,-0.265875,0.486991
0.329622,-0.265067,-0.266625,0.296938
0.292651,0.304959,-0.267125,0.506151
0.419603,-0.046646,-0.267875,0.271800
0.083089,0.413607,-0.268375,0.281063
0.218038,-0.360971,-0.268625,0.222745
0.378365,0.185505,-0.269125,0.640782
0.376998,-0.187189,-0.269875,0.293719
0.219264,0.358916,-0.270375,0.390875
0.080735,-0.412606,-0.270625,0.000000
0.417764,0.044319,-0.271125,0.381782
0.289022,-0.304221,-0.271875,0.283914
0.328070,0.261116,-0.272375,0.581126
0.406359,-0.101365,-0.273125,0.265670
0.136397,0.395633,-0.273625,0.305818
0.166606,-0.383712,-0.273875,0.000000
0.396498,0.132318,-0.274375,0.543207
0.345844,-0.233877,-0.275125,0.289586
0.263009,0.323816,-0.275625,0.444054
0.024790,-0.416267,-0.275875,0.000000
0.416510,-0.011688,-0.276375,0.305966
0.048018,0.413563,-0.276875,0.268470
0.243853,-0.337250,-0.277125,0.250548
0.356991,0.213264,-0.277625,0.624849
0.385988,-0.153365,-0.278375,0.280948
0.186372,0.370802,-0.278875,0.350986
0.113002,-0.399149,-0.279125,0.000000
0.407169,0.077610,-0.279625,0.420640
0.308951,-0.275571,-0.280375,0.284079
0.301279,0.283443,-0.280875,0.509684
0.407747,-0.066555,-0.281625,0.244149
0.101864,0.400037,-0.282125,0.277667
0.195029,-0.363632,-0.282375,0.204806
0.378975,0.162357,-0.282875,0.585275
0.358980,-0.201718,-0.283625,0.281522
0.232135,0.339685,-0.284125,0.397621
0.058260,-0.407108,-0.284375,0.000000
0.410297,0.022427,-0.284875,0.335859
0.013518,0.410339,-0.285375,0.262575
0.267099,-0.311571,-0.285625,0.267146
0.333446,0.238634,-0.286125,0.576455
0.391760,-0.119276,-0.286875,0.263521
0.152938,0.379507,-0.287375,0.313454
0.143520,-0.382980,-0.287625,0.000000
0.393722,0.109394,-0.288125,0.471006
0.325948,-0.245580,-0.288875,0.278686
0.272898,0.302966,-0.289375,0.446613
0.003422,-0.407561,-0.289625,0.000000
0.405945,-0.032194,-0.290125,0.272614
0.067501,0.401224,-0.290625,0.258599
0.221152,-0.341297,-0.290875,0.232594
0.359008,0.190300,-0.291375,0.593190
0.368966,-0.168899,-0.292125,0.271793
0.200331,0.352474,-0.292625,0.360119
0.090335,-0.395049,-0.292875,0.000000
0.401076,0.055402,-0.293375,0.365245
0.287610,-0.284203,-0.294125,0.271971
0.307981,0.261426,-0.294625,0.511186
0.394320,-0.085237,-0.295375,0.242172
0.119275,0.385008,-0.295875,0.279439
0.172041,-0.364296,-0.296125,0.189858
0.377597,0.139406,-0.296625,0.521575
0.339909,-0.214546,-0.297375,0.271691
0.243217,0.319556,-0.297875,0.399691
0.036500,-0.399736,-0.298125,0.000000
0.401025,0.001411,-0.298625,0.297838
0.033623,0.399241,-0.299125,0.249128
0.244777,-0.316952,-0.299375,0.251469
0.336823,0.215928,-0.299875,0.563919
0.375767,-0.135733,-0.300625,0.258886
0.167906,0.362120,-0.301125,0.323555
0.120743,-0.380256,-0.301375,0.000000
0.388987,0.086954,-0.301875,0.405365
0.305245,-0.255429,-0.302625,0.269490
0.280868,0.281475,-0.303125,0.447456
0.393702,-0.051562,-0.303875,0.245377
0.085702,0.387313,-0.304375,0.253519
0.198336,-0.343317,-0.304625,0.217631
0.358993,0.167399,-0.305125,0.549330
0.350760,-0.182777,-0.305875,0.263217
0.212535,0.333112,-0.306375,0.364767
0.068263,-0.389000,-0.306625,0.000000
0.393092,0.033960,-0.307125,0.320026
0.000536,0.394166,-0.307625,0.247341
0.265728,-0.290863,-0.307875,0.259992
0.312670,0.239044,-0.308375,0.509138
0.379378,-0.102538,-0.309125,0.242454
0.135177,0.368591,-0.309625,0.287004
0.149229,-0.362916,-0.309875,0.000000
0.374196,0.116812,-0.310375,0.455330
0.319891,-0.225546,-0.311125,0.263808
0.252392,0.298644,-0.311625,0.398078
0.015617,-0.390500,-0.311875,0.000000
0.389971,-0.018564,-0.312375,0.267029
0.052532,0.386458,-0.312875,0.239047
0.222198,-0.320282,-0.313125,0.237770
0.338132,0.193147,-0.313625,0.540828
0.358457,-0.150589,-0.314375,0.252844
0.181162,0.343561,-0.314875,0.332257
0.098437,-0.375508,-0.315125,0.000000
0.382276,0.065163,-0.315625,0.349555
0.283856,-0.263311,-0.316375,0.260715
0.286815,0.259475,-0.316875,0.447517
0.379823,-0.069631,-0.317625,0.222912
0.102462,0.371884,-0.318125,0.256049
0.175558,-0.343244,-0.318375,0.204961
0.356895,0.144722,-0.318875,0.495836
0.331464,-0.194862,-0.319625,0.256059
0.222853,0.312820,-0.320125,0.363698
0.046956,-0.380992,-0.320375,0.000000
0.383221,0.013454,-0.320875,0.284231
0.020079,0.382511,-0.321375,0.235840
0.243443,-0.295453,-0.321625,0.248601
0.315259,0.216443,-0.322125,0.500758
0.362983,-0.118301,-0.322875,0.240084
0.149416,0.350861,-0.323375,0.297937
0.126758,-0.359443,-0.323625,0.000000
0.368737,0.094742,-0.324125,0.392781
0.299038,-0.234590,-0.324875,0.256963
0.259543,0.277071,-0.325375,0.395434
0.377159,-0.037329,-0.326125,0.241811
0.070080,0.372028,-0.326625,0.236572
0.199513,-0.321477,-0.326875,0.226073
0.337302,0.170448,-0.327375,0.506609
0.339909,-0.163694,-0.328125,0.246726
0.192561,0.323923,-0.328625,0.335825
0.076774,-0.368710,-0.328875,0.000000
0.373576,0.044193,-0.329375,0.305082
0.261911,-0.269110,-0.330125,0.251911
0.290636,0.237103,-0.330625,0.445690
0.364355,-0.086234,-0.331375,0.224551
0.117618,0.355000,-0.331875,0.266109
0.152980,-0.341013,-0.332125,0.194156
0.352662,0.122435,-0.332625,0.437941
0.311179,-0.205010,-0.333375,0.250204
0.231152,0.291713,-0.333875,0.358997
0.026589,-0.371017,-0.334125,0.000000
0.371471,-0.005942,-0.334625,0.256470
0.038349,0.369081,-0.335125,0.230421
0.220899,-0.297871,-0.335375,0.238259
0.315657,0.193774,-0.335875,0.483769
0.345201,-0.132362,-0.336625,0.236110
0.161835,0.331898,-0.337125,0.307495
0.104797,-0.353830,-0.337375,0.000000
0.361189,0.073371,-0.337875,0.339114
0.277469,-0.241545,-0.338625,0.250263
0.264547,0.254969,-0.339125,0.393396
0.362618,-0.054708,-0.339875,0.219122
0.086091,0.355996,-0.340375,0.243802
0.176878,-0.320451,-0.340625,0.215812
0.334261,0.147997,-0.341125,0.463351
0.320213,-0.174887,-0.341875,0.241364
0.201952,0.303306,-0.342375,0.333559
0.055931,-0.359833,-0.342625,0.000000
0.362875,0.024227,-0.343125,0.271612
0.007581,0.363131,-0.343625,0.234730
0.239546,-0.272705,-0.343875,0.243147
0.292220,0.214507,-0.344375,0.439547
0.347345,-0.101193,-0.345125,0.223392
0.130999,0.336723,-0.345625,0.279807
0.130772,-0.336555,-0.345875,0.185690
0.346238,0.100714,-0.346375,0.382056
0.290010,-0.213069,-0.347125,0.244923
0.237289,0.269909,-0.347625,0.354180
0.007346,-0.359067,-0.347875,0.000000
0.357850,-0.024041,-0.348375,0.233809
0.055159,0.353898,-0.348875,0.234593
0.198247,-0.298010,-0.349125,0.228787
0.313772,0.171200,-0.349625,0.457595
0.326104,-0.144547,-0.350375,0.231510
0.172265,0.311787,-0.350875,0.311785
0.083528,-0.346026,-0.351125,0.000000
0.351516,0.052883,-0.351625,0.297013
0.255309,-0.246271,-0.352375,0.243122
0.267273,0.232475,-0.352875,0.391195
0.346378,-0.070512,-0.353625,0.207023
0.100382,0.338407,-0.354125,0.258643
0.154462,-0.317112,-0.354375,0.206764
0.328932,0.125967,-0.354875,0.415467
0.299457,-0.184001,-0.355625,0.236741
0.209175,0.281817,-0.356125,0.328314
0.036100,-0.348846,-0.356375,0.000000
0.350158,0.005455,-0.356875,0.246558
0.025142,0.348785,-0.357375,0.236977
0.216904,-0.273966,-0.357625,0.234405
0.291452,0.191840,-0.358125,0.426894
0.328846,-0.114320,-0.358875,0.220277
0.142421,0.317121,-0.359375,0.291437
0.109115,-0.329794,-0.359625,0.000000
0.337566,0.079745,-0.360125,0.333753
0.268070,-0.218879,-0.360875,0.239252
0.241113,0.247534,-0.361375,0.351247
0.342364,-0.040645,-0.362125,0.212332
0.070314,0.336985,-0.362625,0.248137
0.175649,-0.295752,-0.362875,0.219747
0.309500,0.148891,-0.363375,0.423740
0.305762,-0.154670,-0.364125,0.227061
0.180528,0.290617,-0.364625,0.310696
0.063144,-0.335975,-0.364875,0.000000
0.339677,0.033477,-0.365375,0.266019
0.232690,-0.248612,-0.366125,0.235201
0.267579,0.209732,-0.366625,0.386391
0.328464,-0.084540,-0.367375,0.205913
0.112752,0.319304,-0.367875,0.275305
0.132441,-0.311357,-0.368125,0.199389
0.321226,0.104544,-0.368625,0.368637
0.277737,-0.190852,-0.369375,0.232065
0.214053,0.259564,-0.369875,0.324010
0.017483,-0.335711,-0.370125,0.000000
0.335403,-0.011914,-0.370625,0.225601
0.041124,0.332528,-0.371125,0.248033
0.194136,-0.272749,-0.371375,0.225431
0.288198,0.169266,-0.371875,0.406857
0.308905,-0.125412,-0.372625,0.216200
0.151683,0.296260,-0.373125,0.297434
0.088200,-0.320643,-0.373375,0.000000
0.326573,0.059729,-0.373875,0.295813
0.245473,-0.222259,-0.374625,0.232376
0.242453,0.224717,-0.375125,0.349298
0.325013,-0.055541,-0.375875,0.189262
0.083597,0.318360,-0.376375,0.266333
0.153274,-0.290965,-0.376625,0.211134
0.302722,0.127027,-0.377125,0.385790
0.284247,-0.162524,-0.377875,0.222707
0.186422,0.268475,-0.378375,0.307734
0.043852,-0.323605,-0.378625,0.000000
0.325620,0.015365,-0.379125,0.242582
0.013138,0.325134,-0.379625,0.255192
0.209749,-0.248395,-0.379875,0.226340
0.265303,0.186893,-0.380375,0.376505
0.308898,-0.096569,-0.381125,0.202792
0.122980,0.298728,-0.381625,0.287894
0.111004,-0.303067,-0.381875,0.194129
0.311039,0.083929,-0.382375,0.327845
0.255146,-0.195233,-0.383125,0.226287
0.216389,0.236659,-0.383625,0.322373
0.000302,-0.320375,-0.383875,0.000000
0.318577,-0.027656,-0.384375,0.204844
0.055297,0.314346,-0.384875,0.264763
0.171401,-0.268887,-0.385125,0.216172
0.282306,0.146958,-0.385625,0.380569
0.287566,-0.134238,-0.386375,0.211861
0.158560,0.274202,-0.386875,0.298880
0.068238,-0.308995,-0.387125,0.000000
0.313170,0.040883,-0.387625,0.267361
0.222338,-0.223004,-0.388375,0.224005
0.241114,0.201594,-0.388875,0.345471
0.305781,-0.068487,-0.389625,0.185596
0.094769,0.298029,-0.390125,0.282526
0.131304,-0.283490,-0.390375,0.203373
0.293295,0.105805,-0.390875,0.348587
0.261626,-0.167874,-0.391625,0.217700
0.189719,0.245448,-0.392125,0.306654
0.025879,-0.308824,-0.392375,0.000000
0.309270,-0.001217,-0.392875,0.222135
0.028192,0.307346,-0.393375,0.268886
0.186628,-0.245417,-0.393625,0.216770
0.260252,0.164117,-0.394125,0.360565
0.287687,-0.106348,-0.394875,0.198790
0.130816,0.276705,-0.395375,0.294579
0.090356,-0.292090,-0.395625,0.190415
0.298238,0.064338,-0.396125,0.295293
0.231774,-0.196904,-0.396875,0.218929
0.215948,0.213213,-0.397375,0.321743
0.299621,-0.041514,-0.398125,0.000000
0.067403,0.294202,-0.398625,0.281049
0.148867,-0.262178,-0.398875,0.207075
0.273587,0.125100,-0.399375,0.351357
0.264858,-0.140535,-0.400125,0.207192
0.162788,0.250997,-0.400625,0.299837
0.049456,-0.294709,-0.400875,0.000000
0.297234,0.023448,-0.401375,0.244796
0.002622,0.297472,-0.401875,0.276893
0.198780,-0.220866,-0.402125,0.214545
0.236858,0.178302,-0.402625,0.337192
0.284630,-0.079211,-0.403375,0.000000
0.103551,0.275975,-0.403875,0.292785
0.109935,-0.273125,-0.404125,0.196613
0.281033,0.085436,-0.404625,0.316236
0.237951,-0.170442,-0.405375,0.211463
0.190141,0.221612,-0.405875,0.307972
0.009482,-0.291501,-0.406125,0.000000
0.290517,-0.016001,-0.406625,0.202440
0.041238,0.287313,-0.407125,0.282709
0.163471,-0.239422,-0.407375,0.207330
0.252183,0.141569,-0.407875,0.340171
0.264812,-0.113578,-0.408625,0.194464
0.135959,0.253243,-0.409125,0.298296
0.070723,-0.278227,-0.409375,0.186679
0.282640,0.046014,-0.409875,0.269957
0.207702,-0.195569,-0.410625,0.210561
0.212440,0.189329,-0.411125,0.318822
0.278441,-0.053193,-0.411875,0.000000
0.077134,0.272024,-0.412375,0.292118
0.126710,-0.252359,-0.412625,0.198738
0.261790,0.103892,-0.413125,0.323628
0.240785,-0.143979,-0.413875,0.201763
0.164045,0.226677,-0.414375,0.302804
0.032114,-0.277588,-0.414625,0.000000
0.278589,0.007702,-0.415125,0.225262
0.016639,0.277451,-0.415625,0.287054
0.174911,-0.215533,-0.415875,0.205617
0.229377,0.154978,-0.416375,0.324393
0.261479,-0.087381,-0.417125,0.000000
0.109604,0.252143,-0.417625,0.298518
0.089378,-0.259600,-0.417875,0.190426
0.265680,0.066156,-0.418375,0.290358
0.213252,-0.169876,-0.419125,0.204353
0.187338,0.197026,-0.419625,0.308792
0.269189,-0.028670,-0.420375,0.000000
0.051945,0.264889,-0.420875,0.292182
0.140424,-0.230076,-0.421125,0.198851
0.240770,0.119424,-0.421625,0.319234
0.240209,-0.117894,-0.422375,0.189623
0.138033,0.228306,-0.422875,0.302618
0.052359,-0.261197,-0.423125,0.000000
0.263983,0.029235,-0.423625,0.249665
0.182988,-0.190843,-0.424375,0.202576
0.205483,0.165099,-0.424875,0.312012
0.254869,-0.062331,-0.425625,0.000000
0.084113,0.247674,-0.426125,0.298326
0.105115,-0.239071,-0.426375,0.191549
0.246571,0.083549,-0.426875,0.300738
0.215303,-0.144158,-0.427625,0.195557
0.161911,0.201231,-0.428125,0.306096
0.016515,-0.257337,-0.428375,0.000000
0.256963,-0.006026,-0.428875,0.208716
0.028376,0.254621,-0.429375,0.293553
0.150823,-0.206578,-0.429625,0.197965
0.218253,0.131751,-0.430125,0.310287
0.236169,-0.092580,-0.430875,0.000000
0.112494,0.226408,-0.431375,0.303594
0.069869,-0.242525,-0.431625,0.000000
0.246863,0.048234,-0.432125,0.270404
0.187511,-0.165707,-0.432875,0.197301
0.180837,0.171709,-0.433375,0.306459
0.245005,-0.038833,-0.434125,0.000000
0.059892,0.239821,-0.434625,0.297523
0.117624,-0.216906,-0.434875,0.191889
0.225549,0.097859,-0.435375,0.301992
0.213729,-0.118807,-0.436125,0.000000
0.136536,0.201783,-0.436625,0.307295
0.035560,-0.240574,-0.436875,0.000000
0.241863,0.014338,-0.437375,0.233575
0.006836,0.241286,-0.437875,0.297078
0.157648,-0.182191,-0.438125,0.195640
0.194537,0.140582,-0.438625,0.303772
0.228612,-0.068455,-0.439375,0.000000
0.087838,0.220895,-0.439875,0.303612
0.084279,-0.221782,-0.440125,0.186051
0.227406,0.064314,-0.440625,0.283790
0.188277,-0.140499,-0.441375,0.188860
0.155794,0.174570,-0.441875,0.306799
0.003036,-0.233487,-0.442125,0.000000
0.231912,-0.017317,-0.442625,0.197057
0.037372,0.228568,-0.443125,0.297504
0.126576,-0.193383,-0.443375,0.191618
0.202861,0.108731,-0.443875,0.299675
0.208394,-0.094236,-0.444625,0.000000
0.111617,0.198508,-0.445125,0.309023
0.051676,-0.221293,-0.445375,0.000000
0.223991,0.031993,-0.445875,0.255528
0.160614,-0.157256,-0.446625,0.190464
0.169939,0.145602,-0.447125,0.302826
0.217475,-0.045962,-0.447875,0.000000
0.064505,0.211658,-0.448375,0.303035
0.095190,-0.199184,-0.448625,0.186945
0.205789,0.077055,-0.449125,0.290729
0.185055,-0.115616,-0.449875,0.000000
0.130729,0.173413,-0.450375,0.309964
0.020694,-0.215659,-0.450625,0.000000
0.215600,0.001752,-0.451125,0.222326
0.017021,0.213881,-0.451625,0.300178
0.131600,-0.168791,-0.451875,0.189222
0.178761,0.115764,-0.452375,0.299467
0.199128,-0.070893,-0.453125,0.000000
0.087582,0.191190,-0.453625,0.309996
0.064401,-0.199625,-0.453875,0.000000
0.203433,0.046460,-0.454375,0.272274
0.159384,-0.132129,-0.455125,0.000000
0.144782,0.146438,-0.455625,0.306658
0.202650,-0.025592,-0.456375,0.190984
0.042973,0.198541,-0.456875,0.304107
0.102141,-0.174940,-0.457125,0.186452
0.182176,0.085973,-0.457625,0.295526
0.177549,-0.091481,-0.458375,0.000000
0.106038,0.167898,-0.458875,0.313509
0.035121,-0.194861,-0.459125,0.000000
0.196027,0.017845,-0.459625,0.245343
0.132239,-0.143415,-0.460375,0.000000
0.153489,0.118471,-0.460875,0.303845
0.185675,-0.049267,-0.461625,0.000000
0.064901,0.179522,-0.462125,0.311544
0.073176,-0.175655,-0.462375,0.000000
0.180217,0.057171,-0.462875,0.284769
0.153508,-0.107179,-0.463625,0.000000
0.119391,0.142597,-0.464125,0.312858
0.008260,-0.185169,-0.464375,0.000000
0.183926,-0.007906,-0.464875,0.215597
0.023791,0.181274,-0.465375,0.309551
0.104540,-0.149214,-0.465625,0.000000
0.156671,0.090453,-0.466125,0.302103
0.165312,-0.068554,-0.466875,0.000000
0.082139,0.157524,-0.467375,0.317320
0.045670,-0.171000,-0.467625,0.000000
0.173032,0.030316,-0.468125,0.264435
0.127857,-0.117511,-0.468875,0.000000
0.127238,0.116179,-0.469375,0.311880
0.167591,-0.029927,-0.470125,0.187696
0.044101,0.162994,-0.470625,0.316540
0.077261,-0.149357,-0.470875,0.000000
0.154238,0.063373,-0.471375,0.295436
0.142292,-0.082771,-0.472125,0.000000
0.094064,0.133333,-0.472625,0.319877
0.020613,-0.161134,-0.472875,0.000000
0.160858,0.006389,-0.473375,0.237749
0.007628,0.159325,-0.473875,0.321102
0.101522,-0.122061,-0.474125,0.000000
0.129236,0.089606,-0.474625,0.311012
0.147571,-0.047344,-0.475375,0.000000
0.059467,0.141445,-0.475875,0.323329
0.051434,-0.143734,-0.476125,0.000000
0.146163,0.038273,-0.476625,0.279060
0.117421,-0.091244,-0.477375,0.000000
0.100062,0.107811,-0.477875,0.320940
0.143992,-0.013582,-0.478625,0.209556
0.025818,0.140615,-0.479125,0.327057
0.075500,-0.120413,-0.479375,0.000000
0.125041,0.063912,-0.479875,0.304396
0.124463,-0.059234,-0.480625,0.000000
0.068998,0.117294,-0.481125,0.327451
0.028169,-0.132229,-0.481375,0.000000
0.132406,0.016282,-0.481875,0.254208
0.091563,-0.093217,-0.482625,0.000000
0.099428,0.081880,-0.483125,0.318586
0.122702,-0.028444,-0.483875,0.000000
0.038462,0.117905,-0.484375,0.332406
0.050877,-0.112027,-0.484625,0.000000
0.114173,0.040228,-0.485125,0.286811
0.098841,-0.064467,-0.485875,0.000000
0.071578,0.091192,-0.486375,0.326916
0.008739,-0.114541,-0.486625,0.000000
0.112728,-0.001284,-0.487125,0.225990
0.010919,0.110012,-0.487625,0.339372
0.065597,-0.087607,-0.487875,0.000000
0.091092,0.056499,-0.488375,0.305902
0.097010,-0.036685,-0.489125,0.000000
0.043990,0.091281,-0.489625,0.331764
0.028872,-0.095859,-0.489875,0.000000
0.095589,0.019877,-0.490375,0.259406
0.071022,-0.061254,-0.491125,0.000000
0.065324,0.063542,-0.491625,0.314681
0.086073,-0.012581,-0.492375,0.201567
0.019393,0.081842,-0.492875,0.333305
0.040263,-0.072157,-0.493125,0.000000
0.072625,0.032556,-0.493625,0.278173
0.065802,-0.035546,-0.494375,0.000000
0.039300,0.059617,-0.494875,0.313890
0.011015,-0.068774,-0.495125,0.000000
0.065831,0.004700,-0.495625,0.230065
0.001011,0.062121,-0.496125,0.323530
0.039870,-0.044969,-0.496375,0.000000
0.044841,0.033235,-0.496875,0.279225
0.046795,-0.013399,-0.497625,0.194724
0.015499,0.040389,-0.498125,0.293164
0.014761,-0.037476,-0.498375,0.000000
0.032145,0.009511,-0.498875,0.237971
0.015656,-0.011391,-0.499625,0.200311
